Last,First,Stage Name,Email,Phone,Ref,Voice,Jumbo,COC,Waiver,VCIC,Status,Ref,Voice,Red,Blue,Neutral,2026-05,,,,
Beall,GeGe,GeGe Beall,gegebeall@gmail.com,(804) 727-9754,x,,,,,,Active,PE,?,PE,PE,E,,,,,
Burke,Teylor,Teylor Burke,teylor.burke@gmail.com,(443) 538-0748,x,,x,7/22/2022,7/22/2022,9/22/2021,Active,PE,PE,PE,PE,E,,,,P,Print Headshot Available
Coleman,Jamie,Jamie Coleman,jfcoleman7@gmail.com,(804) 339-8956,,x,,6/14/2022,6/14/2022,,Active,PE,PE,PE,PE,E,,,,E,Socials Headshot Available
Frank,Jay,Jay Frank,jay.m.frank@gmail.com,(804) 306-2419,,,x,,,,Active,PE,N,PE,PE,N,,,,SP,Unkown
Hagstrom,Brandon,Brandon Hagstrom,bhagtag734@yahoo.com,(804) 519-4753,,x,,10/21/2022,10/21/2022,,Active,PE,PE,PE,PE,E,,,,,
Hailey,Beth,Beth Hailey,beth.hailey@icloud.com,(804) 517-7804,x,x,x,6/14/2022,6/14/2022,,Active,NE,NE,NE,NE,N,Requested Retake,,,,
Harms,Meghan,Meghan Harms,harmsmeg@gmail.com,(219) 793-2330,,,,8/2/2022,8/2/2022,,Active,E,N,PE,PE,N,,,,,
Horowitz,Jacob,Jacob Horowitz,jacobzhorowitz@gmail.com,(804) 243-4941,,x,x,10/8/2022,10/8/2022,,Active,PE,PE,PE,PE,E,,,,,
Jara,Roxi,Roxi Jara,jaraanahi@gmail.com,(804) 668-8606,,,,7/22/2022,7/22/2022,,Active,PE,PE,PE,PE,E,,,,,
McLean,Kyle,Kyle McLean,kyle@kylemclean.io,(410) 919-3259,,,,11/3/2022,11/3/2022,,Active,N,PE,PE,PE,E,,,,,
Weatherford,Susan,Susan "Good" Weatherford,sscoven@gmail.com,(804) 218-3900,,x,,6/1/2022,6/1/2022,,Active,N,PE,PE,PE,E,Needs a Voice shot w/contrast,,,,
Scruggs,Kelly,Kelly Scruggs,kmscruggs22@gmail.com,(804) 338-4028,x,x,x,6/14/2022,6/14/2022,9/22/2021,Active,PE,PE,PE,PE,N,,,,,
Wasilewski,James,James "Game Show" Wasilewski,jameswasilewski@gmail.com,(804) 385-5397,x,,,6/14/2022,6/14/2022,9/22/2021,Active,PE,PE,PE,PE,E,,,,,
Weiss,Amy,Amy Weiss,amy.e.weiss@gmail.com,(804) 263-0258,x,,x,6/14/2022,6/14/2022,,Active,PE,PE,PE,PE,N,,,,,
Smith,Becky,Becky Smith,aflac7@gmail.com,804-839-2090,,,,,,,Active,PE,PE,PE,PE,E,,,,,
Walters,Christine,Christine Walters,christinefwalters@gmail.com,(804) 833-2067,,,,,,,Active,N,N,N,N,N,,,,,
Moyer,Zöe,Zöe Moyer,naturalbridgecoaching@gmail.com,(650) 815-8258,,,x,,,,Active,N,PE,PE,PE,N,,,,,
Aspero,Anthony,Anthony Aspero,anthony.aspero@gmail.com,(702) 283-3573,,x,x,,,,Active,N,PE,PE,PE,E,,,,,
Friend,David,David Friend,davidmfriendjr@gmail.com,(804) 869-7970,,x,x,,,,Active,N,PE,PE,PE,E,,,,,
Wilkes,Elijah,Elijah Wilkes,services.paver035@passmail.net,(804) 572-6981,,x,x,,,,Active,N,PE,PE,PE,E,Ready to Print,,,,
Grendahl,Erik,Erik Grendahl,erikpgrendahl@gmail.com,(540) 578-3282,,x,x,,,,Active,PE,N,PE,PE,N,,,,,
Lennon,Stephanie,Stephanie Lennon,stephielennon@gmail.com,(804) 980-6819,,,x,,,,Active,N,PE,PE,PE,PE,,,,,
Winterbotham,Guy,Guy "French Fry" Winterbotham,guy.winterbotham@gmail.com,(804) 814-2753,,x,x,6/14/2022,6/14/2022,9/22/2021,Active,PE,PE,PE,PE,E,,,,,
Geist,Crüjen,Crüjen "Polter" Geist,crujengeist@gmail.com,(812) 345-4196,,,x,,,,Active,PE,PE,PE,PE,N,,,,,
Murray-Nieporte,Jeana,Jeana Murray-Nieporte,nieportej@verizon.net,(757) 710-4799,,,,4/4/2023,4/4/2023,,Active,PE,PE,PE,PE,N,,,,,
Nieporte,Bill,Bill Nieporte,williamnieporte@gmail.com,(804) 972-2745,,x,x,4/4/2023,4/42023,,Active,PE,PE,PE,PE,N,,,,,
Berlin,Amy,Amy Berlin,hubbird1@aol.com ,(804)-512-6617,,,,8/25/2022,8/25/2022,,Alumni,N,N,PE,PE,N,,,,N,New Photo Requested/Needed
Gau,Dave,Dave Gau,davegau@gmail.com,(804) 307-3283,x,x,,8/5/2022,8/5/2022,9/22/2021,Alumni,PN,N,PN,N,N,,,,,
Comly,Charlie,Charlie Comly,chascomly@gmail.com,(804) 432-8542,,,x,8/1/2022,8/1/2022,9/22/2021,Alumni,N,PE,PE,PE,E,,,,X,No Photo Needed
Scovill,Susan,Susan Scovill,sscovill49@gmail.com,(804) 212-8491,x,x,,6/14/2022,6/14/2022,,Alumni,,,,,,,,,,
O'Brien,Brendan,Brendan O'Brien,brendanobrien1992@gmail.com,(908) 309-8062,x,,x,,,,Alumni,PE,N,PE,PE,N,,,,,
Parker,Haley,Haley Parker,haley1080p@gmail.com,,x,,x,,,,Alumni,PE,N,PE,PE,N,,,,,